{
  "properties": {
    "connectionReferences": {
      "shared_excelonlinebusiness": {
        "api": {
          "name": "shared_excelonlinebusiness"
        },
        "connection": {
          "connectionReferenceLogicalName": "new_sharedexcelonlinebusiness_31e4e"
        },
        "runtimeSource": "invoker"
      },
      "shared_sharepointonline-1": {
        "api": {
          "name": "shared_sharepointonline"
        },
        "connection": {
          "connectionReferenceLogicalName": "new_sharedsharepointonline_7a1f5"
        },
        "runtimeSource": "invoker"
      },
      "shared_onedriveforbusiness": {
        "api": {
          "name": "shared_onedriveforbusiness"
        },
        "connection": {
          "connectionReferenceLogicalName": "new_sharedonedriveforbusiness_bd70d"
        },
        "runtimeSource": "invoker"
      }
    },
    "definition": {
      "$schema": "https://schema.management.azure.com/providers/Microsoft.Logic/schemas/2016-06-01/workflowdefinition.json#",
      "contentVersion": "undefined",
      "parameters": {
        "$authentication": {
          "defaultValue": {},
          "type": "SecureObject"
        },
        "$connections": {
          "defaultValue": {},
          "type": "Object"
        }
      },
      "triggers": {
        "manual": {
          "type": "Request",
          "kind": "PowerAppV2",
          "inputs": {
            "schema": {
              "type": "object",
              "properties": {
                "text": {
                  "description": "Introduce el código ",
                  "title": "CÓDIGO",
                  "type": "string",
                  "x-ms-content-hint": "TEXT",
                  "x-ms-dynamically-added": true
                },
                "boolean": {
                  "description": "¿Quieres generar las facturas de compra?",
                  "title": "FC",
                  "type": "boolean",
                  "x-ms-content-hint": "BOOLEAN",
                  "x-ms-dynamically-added": true
                },
                "boolean_1": {
                  "description": "¿Quieres generar las facturas de venta?",
                  "title": "FV",
                  "type": "boolean",
                  "x-ms-content-hint": "BOOLEAN",
                  "x-ms-dynamically-added": true
                },
                "boolean_2": {
                  "description": "¿Es una prueba?",
                  "title": "PRUEBA?",
                  "type": "boolean",
                  "x-ms-content-hint": "BOOLEAN",
                  "x-ms-dynamically-added": true
                }
              },
              "required": [
                "text",
                "boolean",
                "boolean_1",
                "boolean_2"
              ]
            }
          },
          "metadata": {
            "operationMetadataId": "8935fb60-508c-4d66-86ed-37f307d44508"
          }
        }
      },
      "actions": {
        "Inicializar_variable": {
          "type": "InitializeVariable",
          "inputs": {
            "variables": [
              {
                "name": "filas fv",
                "type": "integer",
                "value": 0
              }
            ]
          },
          "runAfter": {},
          "metadata": {
            "operationMetadataId": "6da966ca-b145-4533-810d-11497fa35c8a"
          }
        },
        "Inicializar_variable-copy": {
          "type": "InitializeVariable",
          "inputs": {
            "variables": [
              {
                "name": "filas fc",
                "type": "integer",
                "value": 0
              }
            ]
          },
          "runAfter": {
            "Inicializar_variable": [
              "Succeeded"
            ]
          },
          "metadata": {
            "operationMetadataId": "9c351ad2-ea75-4af8-b287-0566cc3acc1f"
          }
        },
        "FACTURAS_COMPRA": {
          "type": "If",
          "expression": {
            "and": [
              {
                "equals": [
                  "@triggerBody()?['boolean']",
                  true
                ]
              }
            ]
          },
          "actions": {
            "Busca_las_facturas_de_la_semana_deseada": {
              "type": "OpenApiConnection",
              "inputs": {
                "parameters": {
                  "source": "sites/dgourmetspain.sharepoint.com,ca1b2ddd-c9c0-4be8-9e60-4658a6f55062,d360b0a1-bb89-4370-8568-399bcadbc056",
                  "drive": "b!3S0bysDJ6EueYEZYpvVQYqGwYNOJu3BDhWg5m8rbwFZdx69-46jNQriBFCTzmMGk",
                  "file": "01JERIXQJUB2LA6WPYKZGLIW3VU3W3BCQX",
                  "table": "{920A836A-DE96-45A9-A153-D69D629E4EA8}",
                  "$filter": "Semana Eq @{triggerBody()?['text']}"
                },
                "host": {
                  "apiId": "/providers/Microsoft.PowerApps/apis/shared_excelonlinebusiness",
                  "operationId": "GetItems",
                  "connectionName": "shared_excelonlinebusiness"
                }
              },
              "runAfter": {
                "Obtener_contenido_de_archivo_1_1": [
                  "Succeeded"
                ]
              },
              "metadata": {
                "013MRPU27O4BCTMXN6JFCZA7M5G25LCCQ4": "/DGOURMET/ADM/TRUFA/2024-25/COMPRAS/COMPRAS 2024-25.xlsx",
                "tableId": "{920A836A-DE96-45A9-A153-D69D629E4EA8}",
                "operationMetadataId": "2f546b94-d112-4648-9975-11e689978724",
                "01JERIXQJUB2LA6WPYKZGLIW3VU3W3BCQX": "/FACTURACION/EXCELS A RELLENAR/COMPRAS 2025-26.xlsx"
              }
            },
            "Aplicar_a_cada_uno": {
              "type": "Foreach",
              "foreach": "@variables('listafc')",
              "actions": {
                "Condition": {
                  "type": "If",
                  "expression": {
                    "and": [
                      {
                        "equals": [
                          "@item()?['FACTURAR']",
                          "SI"
                        ]
                      }
                    ]
                  },
                  "actions": {
                    "Añade_toda_la_informacion_a_la_plantilla": {
                      "type": "OpenApiConnection",
                      "inputs": {
                        "parameters": {
                          "source": "sites/dgourmetspain.sharepoint.com,ca1b2ddd-c9c0-4be8-9e60-4658a6f55062,d360b0a1-bb89-4370-8568-399bcadbc056",
                          "drive": "b!3S0bysDJ6EueYEZYpvVQYqGwYNOJu3BDhWg5m8rbwFZdx69-46jNQriBFCTzmMGk",
                          "file": "@outputs('Crear_archivo_2_1_1_1')?['body/Id']",
                          "table": "Tabla2",
                          "item": {
                            "Nfact": "@{item()?['Nfact']}",
                            "Fecha": "@{item()?['Fecha']}",
                            "Proveedor": "@{item()?['Proveedor']}",
                            "KgExt": "@item()?['KgExt']",
                            "Kg1": "@item()?['Kg1']",
                            "Kg2": "@item()?['Kg2']",
                            "Kg3": "@item()?['Kg3']",
                            "Kg5": "@item()?['Kg5']",
                            "PrExt": "@item()?['PrExt']",
                            "Pr1": "@item()?['Pr1']",
                            "Pr2": "@item()?['Pr2']",
                            "Pr3": "@item()?['Pr3']",
                            "Pr5": "@item()?['Pr5']",
                            "Descuento": "@{item()?['Descuento']}",
                            "Observaciones": "@{item()?['Observaciones']}",
                            "PAIS": "@{item()?['PAIS']}",
                            "IVA": "@item()?['IVA']",
                            "IRPF": "@item()?['IRPF']",
                            "FACTURAR": "@{item()?['FACTURAR']}",
                            "NIF": "@{item()?['NIF']}",
                            "NOMBRE COMPLETO": "@{item()?['NOMBRE_COMPLETO']}",
                            "DIRECCION1": "@{item()?['DIRECCION1']}",
                            "DIRECCION2": "@{item()?['DIRECCION2']}",
                            "EMAIL": "@{item()?['EMAIL']}",
                            "banco": "@{item()?['BANCO']}",
                            "banco completo": "@{item()?['BANCO_COMPLETO']}",
                            "iban": "@{item()?['IBAN']}",
                            "bic": "@{item()?['BIC']}"
                          }
                        },
                        "host": {
                          "apiId": "/providers/Microsoft.PowerApps/apis/shared_excelonlinebusiness",
                          "operationId": "AddRowV2",
                          "connectionName": "shared_excelonlinebusiness"
                        }
                      },
                      "runAfter": {
                        "Crear_archivo_2_1_1_1": [
                          "Succeeded"
                        ]
                      },
                      "metadata": {
                        "013MRPU26NQB6K6BTMLVAZHPF5OKUCVY2K": "/DGOURMET/POWER AUTOMATE/PLANTILLAS/PLANTILLA FACTURA COMPRA TRUFA.xlsx",
                        "tableId": "Tabla2",
                        "operationMetadataId": "b14dd521-f4f6-4c73-a487-1d1883d1c64e"
                      }
                    },
                    "RESUMEN_PRODUCTOS_COMPRA": {
                      "type": "OpenApiConnection",
                      "inputs": {
                        "parameters": {
                          "source": "me",
                          "drive": "b!hhADqLpDCUildgdvpmsrsB1mJR5UnL9HqakzEtgyMzSLfIk97-C9T6TEivt5HnLV",
                          "file": "013MRPU26NQB6K6BTMLVAZHPF5OKUCVY2K",
                          "table": "{AD4C1F94-B0AD-4717-BCED-53EF9494C462}"
                        },
                        "host": {
                          "apiId": "/providers/Microsoft.PowerApps/apis/shared_excelonlinebusiness",
                          "operationId": "GetItems",
                          "connectionName": "shared_excelonlinebusiness"
                        }
                      },
                      "runAfter": {
                        "Añade_toda_la_informacion_a_la_plantilla": [
                          "Succeeded"
                        ]
                      },
                      "metadata": {
                        "013MRPU26NQB6K6BTMLVAZHPF5OKUCVY2K": "/DGOURMET/POWER AUTOMATE/PLANTILLAS/PLANTILLA FACTURA COMPRA TRUFA.xlsx",
                        "tableId": "{AD4C1F94-B0AD-4717-BCED-53EF9494C462}",
                        "operationMetadataId": "1a8ebc22-2081-4a6e-8834-b5135ddd1069"
                      }
                    },
                    "Get_a_row_6-copy": {
                      "type": "OpenApiConnection",
                      "inputs": {
                        "parameters": {
                          "source": "me",
                          "drive": "b!hhADqLpDCUildgdvpmsrsB1mJR5UnL9HqakzEtgyMzSLfIk97-C9T6TEivt5HnLV",
                          "file": "013MRPU26NQB6K6BTMLVAZHPF5OKUCVY2K",
                          "table": "{3CE3ADD6-E467-402B-90F0-10C36D31141F}",
                          "idColumn": "IDENTIFICADOR",
                          "id": "1"
                        },
                        "host": {
                          "apiId": "/providers/Microsoft.PowerApps/apis/shared_excelonlinebusiness",
                          "operationId": "GetItem",
                          "connectionName": "shared_excelonlinebusiness"
                        }
                      },
                      "runAfter": {
                        "RESUMEN_PRODUCTOS_COMPRA": [
                          "Succeeded"
                        ]
                      },
                      "metadata": {
                        "013MRPU25PJFR4GLNCI5D3OHMOGQ7N6W74": "/DGOURMET/POWER AUTOMATE/PLANTILLAS/PLANTILLA FACTURA VENTA TRUFA.xlsx",
                        "tableId": "{3CE3ADD6-E467-402B-90F0-10C36D31141F}",
                        "operationMetadataId": "6ef2114b-6cfa-41f5-8821-87c224bfdb94",
                        "013MRPU26NQB6K6BTMLVAZHPF5OKUCVY2K": "/DGOURMET/POWER AUTOMATE/PLANTILLAS/PLANTILLA FACTURA COMPRA TRUFA.xlsx"
                      }
                    },
                    "BALANCE_FINAL-copy": {
                      "type": "Foreach",
                      "foreach": "@outputs('RESUMEN_PRODUCTOS_COMPRA')?['body/value']",
                      "actions": {
                        "Condition_2": {
                          "type": "If",
                          "expression": {
                            "and": [
                              {
                                "equals": [
                                  1,
                                  0
                                ]
                              },
                              {
                                "not": {
                                  "equals": [
                                    "@item()?['CANTIDAD']",
                                    ""
                                  ]
                                }
                              }
                            ]
                          },
                          "actions": {
                            "Condition_3": {
                              "type": "If",
                              "expression": {
                                "and": [
                                  {
                                    "equals": [
                                      "@variables('impuestoscompra')",
                                      true
                                    ]
                                  }
                                ]
                              },
                              "actions": {
                                "Add_a_row_into_a_table_1": {
                                  "type": "OpenApiConnection",
                                  "inputs": {
                                    "parameters": {
                                      "source": "me",
                                      "drive": "b!hhADqLpDCUildgdvpmsrsB1mJR5UnL9HqakzEtgyMzSLfIk97-C9T6TEivt5HnLV",
                                      "file": "013MRPU2ZMKNI42OAAKNFJPPWI6MBV4MKO",
                                      "table": "{DCFA0F68-2FEE-4AE5-970B-0789E03CBF5D}",
                                      "item/Número factura": "@outputs('Añade_toda_la_informacion_a_la_plantilla')?['body/Nfact']",
                                      "item/Fecha de Factura": "@formatDateTime(if(empty(item()?['Fecha Factura']), utcNow(), item()?['Fecha Factura']), 'dd/MM/yyyy')",
                                      "item/Proveedor": "@outputs('Añade_toda_la_informacion_a_la_plantilla')?['body/NOMBRE COMPLETO']",
                                      "item/Categoría": "@item()?['DESCRIPCION']",
                                      "item/Kg": "@item()?['CANTIDAD']",
                                      "item/Precio Kg": "@item()?['PRECIO']",
                                      "item/Precio~1 producto sin impuestos": "@item()?['IMPORTE']"
                                    },
                                    "host": {
                                      "apiId": "/providers/Microsoft.PowerApps/apis/shared_excelonlinebusiness",
                                      "operationId": "AddRowV2",
                                      "connectionName": "shared_excelonlinebusiness"
                                    }
                                  },
                                  "metadata": {
                                    "013MRPU2ZMKNI42OAAKNFJPPWI6MBV4MKO": "/DGOURMET/CONTABILIDAD/BALANCE FINALCAMPAÑA 24-25 PRUEBAS.xlsx",
                                    "operationMetadataId": "b6b93abd-8340-4a37-a9b2-94e77d8c6c0a",
                                    "tableId": "{DCFA0F68-2FEE-4AE5-970B-0789E03CBF5D}"
                                  }
                                }
                              },
                              "else": {
                                "actions": {
                                  "Set_variable_1": {
                                    "type": "SetVariable",
                                    "inputs": {
                                      "name": "impuestoscompra",
                                      "value": true
                                    },
                                    "runAfter": {
                                      "Add_a_row_into_a_table_2-copy_2": [
                                        "Succeeded"
                                      ]
                                    },
                                    "metadata": {
                                      "operationMetadataId": "9b3789d0-0b84-4337-9470-d3c598575d19"
                                    }
                                  },
                                  "Add_a_row_into_a_table_2-copy_2": {
                                    "type": "OpenApiConnection",
                                    "inputs": {
                                      "parameters": {
                                        "source": "me",
                                        "drive": "b!hhADqLpDCUildgdvpmsrsB1mJR5UnL9HqakzEtgyMzSLfIk97-C9T6TEivt5HnLV",
                                        "file": "013MRPU2ZMKNI42OAAKNFJPPWI6MBV4MKO",
                                        "table": "{DCFA0F68-2FEE-4AE5-970B-0789E03CBF5D}",
                                        "item/Número factura": "@outputs('Añade_toda_la_informacion_a_la_plantilla')?['body/Nfact']",
                                        "item/Fecha de Factura": "@  formatDateTime(if(empty(item()?['Fecha Factura']), utcNow(), item()?['Fecha Factura']), 'dd/MM/yyyy')",
                                        "item/Proveedor": "@outputs('Añade_toda_la_informacion_a_la_plantilla')?['body/NOMBRE COMPLETO']",
                                        "item/Categoría": "@item()?['DESCRIPCION']",
                                        "item/Kg": "@item()?['CANTIDAD']",
                                        "item/Precio Kg": "@item()?['PRECIO']",
                                        "item/Precio~1 producto sin impuestos": "@item()?['IMPORTE']",
                                        "item/Importe sin impuestos": "@outputs('Get_a_row_6-copy')?['body/IMPORTE BRUTO']",
                                        "item/IVA 12 ": "@outputs('Get_a_row_6-copy')?['body/IVA']",
                                        "item/IRPF": "@outputs('Get_a_row_6-copy')?['body/IRPF']",
                                        "item/Total": "@outputs('Get_a_row_6-copy')?['body/NETO']"
                                      },
                                      "host": {
                                        "apiId": "/providers/Microsoft.PowerApps/apis/shared_excelonlinebusiness",
                                        "operationId": "AddRowV2",
                                        "connectionName": "shared_excelonlinebusiness"
                                      }
                                    },
                                    "metadata": {
                                      "013MRPU2ZMKNI42OAAKNFJPPWI6MBV4MKO": "/DGOURMET/CONTABILIDAD/BALANCE FINALCAMPAÑA 24-25 PRUEBAS.xlsx",
                                      "operationMetadataId": "b6b93abd-8340-4a37-a9b2-94e77d8c6c0a",
                                      "tableId": "{DCFA0F68-2FEE-4AE5-970B-0789E03CBF5D}"
                                    }
                                  }
                                }
                              },
                              "metadata": {
                                "operationMetadataId": "5bb2e19b-ba90-4ed6-84eb-9e762cad4500"
                              }
                            },
                            "Set_variable_1-copy": {
                              "type": "SetVariable",
                              "inputs": {
                                "name": "impuestoscompra",
                                "value": false
                              },
                              "runAfter": {
                                "Condition_3": [
                                  "Succeeded"
                                ]
                              },
                              "metadata": {
                                "operationMetadataId": "9b3789d0-0b84-4337-9470-d3c598575d19"
                              }
                            },
                            "RESUMEN_CONTABLE_1": {
                              "type": "OpenApiConnection",
                              "inputs": {
                                "parameters": {
                                  "source": "me",
                                  "drive": "b!hhADqLpDCUildgdvpmsrsB1mJR5UnL9HqakzEtgyMzSLfIk97-C9T6TEivt5HnLV",
                                  "file": "013MRPU2Y3YCFVCKRIBNBJQRT3EYKGX3PC",
                                  "table": "RESFC",
                                  "item/Fecha de Factura": "@  formatDateTime(if(empty(item()?['Fecha Factura']), utcNow(), item()?['Fecha Factura']), 'dd/MM/yyyy')",
                                  "item/Importe": "@outputs('Get_a_row_6-copy')?['body/NETO']",
                                  "item/Producto": "TRUFA"
                                },
                                "host": {
                                  "apiId": "/providers/Microsoft.PowerApps/apis/shared_excelonlinebusiness",
                                  "operationId": "AddRowV2",
                                  "connectionName": "shared_excelonlinebusiness"
                                }
                              },
                              "runAfter": {
                                "Set_variable_1-copy": [
                                  "Succeeded"
                                ]
                              },
                              "metadata": {
                                "013MRPU2Y3YCFVCKRIBNBJQRT3EYKGX3PC": "/DGOURMET/CONTABILIDAD/RESUMEN CONTABLE PRUEBA.xlsx",
                                "tableId": "RESFC",
                                "operationMetadataId": "039f28ae-ace4-46af-aa47-42f6da10a512"
                              }
                            }
                          },
                          "else": {
                            "actions": {}
                          },
                          "metadata": {
                            "operationMetadataId": "4b097595-e796-44ba-bd41-f6bcef9818ff"
                          }
                        }
                      },
                      "runAfter": {
                        "Get_a_row_6-copy": [
                          "Succeeded"
                        ]
                      },
                      "metadata": {
                        "operationMetadataId": "d9316a52-f07f-4ec4-aef5-20037f3d29f4"
                      }
                    },
                    "Crear_archivo_2_1": {
                      "type": "OpenApiConnection",
                      "inputs": {
                        "parameters": {
                          "dataset": "https://dgourmetspain.sharepoint.com/sites/D'GourmetSpain",
                          "folderPath": "/Documentos compartidos/FACTURACION/FACTURAS REALIZADAS/2025-2026/@{if(triggerBody()?['boolean_2'],'PRUEBAS/','')}COMPRAS/@{item()?['mes']}",
                          "name": "@{item()?['Nfact']}  @{item()?['NOMBRE_COMPLETO']}.pdf",
                          "body": "@body('Convertir_un_archivo')"
                        },
                        "host": {
                          "apiId": "/providers/Microsoft.PowerApps/apis/shared_sharepointonline",
                          "operationId": "CreateFile",
                          "connectionName": "shared_sharepointonline-1"
                        }
                      },
                      "runAfter": {
                        "Convertir_un_archivo": [
                          "Succeeded"
                        ]
                      },
                      "runtimeConfiguration": {
                        "contentTransfer": {
                          "transferMode": "Chunked"
                        }
                      },
                      "metadata": {
                        "operationMetadataId": "72c531d0-dfa4-431e-830c-e3f52a356774"
                      }
                    },
                    "Retraso_1": {
                      "type": "Wait",
                      "inputs": {
                        "interval": {
                          "count": 1,
                          "unit": "Minute"
                        }
                      },
                      "runAfter": {
                        "BALANCE_FINAL-copy": [
                          "Succeeded"
                        ]
                      },
                      "metadata": {
                        "operationMetadataId": "ac7eb29e-09df-4197-a56f-3671c88446d2"
                      }
                    },
                    "Convertir_un_archivo": {
                      "type": "OpenApiConnection",
                      "inputs": {
                        "parameters": {
                          "id": "@outputs('Crear_archivo-copy')?['body/Id']",
                          "type": "PDF"
                        },
                        "host": {
                          "apiId": "/providers/Microsoft.PowerApps/apis/shared_onedriveforbusiness",
                          "operationId": "ConvertFile",
                          "connectionName": "shared_onedriveforbusiness"
                        }
                      },
                      "runAfter": {
                        "Crear_archivo-copy": [
                          "Succeeded"
                        ]
                      },
                      "metadata": {
                        "b!hhADqLpDCUildgdvpmsrsB1mJR5UnL9HqakzEtgyMzSLfIk97-C9T6TEivt5HnLV.013MRPU26NQB6K6BTMLVAZHPF5OKUCVY2K": "/DGOURMET/POWER AUTOMATE/PLANTILLAS/PLANTILLA FACTURA COMPRA TRUFA.xlsx",
                        "operationMetadataId": "6a495f3a-ac34-4873-a0f7-e8238cf85815"
                      }
                    },
                    "Crear_archivo_2_1_1_1": {
                      "type": "OpenApiConnection",
                      "inputs": {
                        "parameters": {
                          "dataset": "https://dgourmetspain.sharepoint.com/sites/D'GourmetSpain",
                          "folderPath": "/Documentos compartidos/FACTURACION/FACTURAS REALIZADAS/2025-2026/@{if(triggerBody()?['boolean_2'],'PRUEBAS/','')}COMPRAS/@{item()?['mes']}/EXCELS",
                          "name": "@{item()?['Nfact']}  @{item()?['NOMBRE_COMPLETO']}.xlsx",
                          "body": "@body('Obtener_contenido_de_archivo_1_1')"
                        },
                        "host": {
                          "apiId": "/providers/Microsoft.PowerApps/apis/shared_sharepointonline",
                          "operationId": "CreateFile",
                          "connectionName": "shared_sharepointonline-1"
                        }
                      },
                      "runtimeConfiguration": {
                        "contentTransfer": {
                          "transferMode": "Chunked"
                        }
                      },
                      "metadata": {
                        "operationMetadataId": "72c531d0-dfa4-431e-830c-e3f52a356774"
                      }
                    },
                    "Obtener_contenido_de_archivo_2": {
                      "type": "OpenApiConnection",
                      "inputs": {
                        "parameters": {
                          "dataset": "https://dgourmetspain.sharepoint.com/sites/D'GourmetSpain",
                          "id": "@outputs('Crear_archivo_2_1_1_1')?['body/Id']",
                          "inferContentType": true
                        },
                        "host": {
                          "apiId": "/providers/Microsoft.PowerApps/apis/shared_sharepointonline",
                          "operationId": "GetFileContent",
                          "connectionName": "shared_sharepointonline-1"
                        }
                      },
                      "runAfter": {
                        "Retraso_1": [
                          "Succeeded"
                        ]
                      },
                      "metadata": {
                        "operationMetadataId": "c8e6aacf-ccc8-4958-a8c5-c5c21a8c5468"
                      }
                    },
                    "Crear_archivo-copy": {
                      "type": "OpenApiConnection",
                      "inputs": {
                        "parameters": {
                          "folderPath": "/DGOURMET/ADM/TRUFA/2024-25/PRUEBAS/COMPRAS/@{item()?['mes']}/EXCELS",
                          "name": "@{item()?['Nfact']}  @{item()?['NOMBRE_COMPLETO']}.xlsx",
                          "body": "@body('Obtener_contenido_de_archivo_2')"
                        },
                        "host": {
                          "apiId": "/providers/Microsoft.PowerApps/apis/shared_onedriveforbusiness",
                          "operationId": "CreateFile",
                          "connectionName": "shared_onedriveforbusiness"
                        }
                      },
                      "runAfter": {
                        "Obtener_contenido_de_archivo_2": [
                          "Succeeded"
                        ]
                      },
                      "runtimeConfiguration": {
                        "contentTransfer": {
                          "transferMode": "Chunked"
                        }
                      },
                      "metadata": {
                        "operationMetadataId": "a1ce0cc4-1948-4b6c-8f87-35e31d423b6b"
                      }
                    }
                  },
                  "else": {
                    "actions": {}
                  },
                  "metadata": {
                    "operationMetadataId": "2e8042de-6d26-435b-b8fb-c6c3a5dfcfcd"
                  }
                }
              },
              "runAfter": {
                "Aplicar_a_cada_uno_2": [
                  "Succeeded"
                ]
              },
              "runtimeConfiguration": {
                "concurrency": {
                  "repetitions": 20
                }
              },
              "metadata": {
                "operationMetadataId": "40930267-2452-4ee7-afc5-c38ba11d1737"
              }
            },
            "Obtener_contenido_de_archivo_1_1": {
              "type": "OpenApiConnection",
              "inputs": {
                "parameters": {
                  "dataset": "https://dgourmetspain.sharepoint.com/sites/D'GourmetSpain",
                  "id": "%252fDocumentos%2bcompartidos%252fPOWER%2bAUTOMATE%252fPOWER%2bAUTOMATE%252fPLANTILLAS%2b(NO%2bTOCAR)%252fPLANTILLA%2bFACTURA%2bCOMPRA%2bTRUFA.xlsx"
                },
                "host": {
                  "apiId": "/providers/Microsoft.PowerApps/apis/shared_sharepointonline",
                  "operationId": "GetFileContent",
                  "connectionName": "shared_sharepointonline-1"
                }
              },
              "metadata": {
                "%252fDocumentos%2bcompartidos%252fPOWER%2bAUTOMATE%252fPOWER%2bAUTOMATE%252fPLANTILLAS%2b(NO%2bTOCAR)%252fPLANTILLA%2bFACTURA%2bVENTA%2bGENERAL.xlsx": "/Documentos compartidos/POWER AUTOMATE/POWER AUTOMATE/PLANTILLAS (NO TOCAR)/PLANTILLA FACTURA VENTA GENERAL.xlsx",
                "%252fDocumentos%2bcompartidos%252fPOWER%2bAUTOMATE%252fPOWER%2bAUTOMATE%252fPLANTILLAS%2b(NO%2bTOCAR)%252fPLANTILLA%2bFACTURA%2bVENTA%2bGENERAL1.xlsx": "/Documentos compartidos/POWER AUTOMATE/POWER AUTOMATE/PLANTILLAS (NO TOCAR)/PLANTILLA FACTURA VENTA GENERAL1.xlsx",
                "operationMetadataId": "52c88c82-d433-4cd7-86d8-f10d2716daaa",
                "%252fDocumentos%2bcompartidos%252fPOWER%2bAUTOMATE%252fPOWER%2bAUTOMATE%252fPLANTILLAS%2b(NO%2bTOCAR)%252fPLANTILLA%2bFACTURA%2bCOMPRA%2bTRUFA.xlsx": "/Documentos compartidos/POWER AUTOMATE/POWER AUTOMATE/PLANTILLAS (NO TOCAR)/PLANTILLA FACTURA COMPRA TRUFA.xlsx"
              }
            },
            "Obtener_elemento_1": {
              "type": "OpenApiConnection",
              "inputs": {
                "parameters": {
                  "dataset": "https://dgourmetspain.sharepoint.com/sites/D'GourmetSpain",
                  "table": "f19ac5cc-f1c6-4d1a-b25f-30749138a791",
                  "id": 1
                },
                "host": {
                  "apiId": "/providers/Microsoft.PowerApps/apis/shared_sharepointonline",
                  "operationId": "GetItem",
                  "connectionName": "shared_sharepointonline-1"
                }
              },
              "runAfter": {
                "Busca_las_facturas_de_la_semana_deseada": [
                  "Succeeded"
                ]
              },
              "metadata": {
                "operationMetadataId": "125176d4-5c1a-4dfe-8bc4-1b1b72bdc01b"
              }
            },
            "Condición_2_1": {
              "type": "If",
              "expression": {
                "and": [
                  {
                    "equals": [
                      "@triggerBody()?['boolean_2']",
                      true
                    ]
                  }
                ]
              },
              "actions": {
                "Actualizar_elemento_2": {
                  "type": "OpenApiConnection",
                  "inputs": {
                    "parameters": {
                      "dataset": "https://dgourmetspain.sharepoint.com/sites/D'GourmetSpain",
                      "table": "f19ac5cc-f1c6-4d1a-b25f-30749138a791",
                      "id": 1,
                      "item/PRUEBASFC": "@add(outputs('Obtener_elemento_1')?['body/PRUEBASFC'], length(outputs('Busca_las_facturas_de_la_semana_deseada')?['body/value']))"
                    },
                    "host": {
                      "apiId": "/providers/Microsoft.PowerApps/apis/shared_sharepointonline",
                      "operationId": "PatchItem",
                      "connectionName": "shared_sharepointonline-1"
                    }
                  },
                  "runAfter": {
                    "Establecer_variable_2": [
                      "Succeeded"
                    ]
                  },
                  "metadata": {
                    "operationMetadataId": "43a858ac-603c-46c7-b135-94ea3f9c7e40"
                  }
                },
                "Establecer_variable_2": {
                  "type": "SetVariable",
                  "inputs": {
                    "name": "contadorfc",
                    "value": "@int(outputs('Obtener_elemento_1')?['body/PRUEBASFC'])"
                  },
                  "metadata": {
                    "operationMetadataId": "7b4885a3-1246-45e4-be7e-6ac1b69cd09d"
                  }
                }
              },
              "else": {
                "actions": {
                  "Actualizar_elemento_3": {
                    "type": "OpenApiConnection",
                    "inputs": {
                      "parameters": {
                        "dataset": "https://dgourmetspain.sharepoint.com/sites/D'GourmetSpain",
                        "table": "f19ac5cc-f1c6-4d1a-b25f-30749138a791",
                        "id": 1,
                        "item/NumeroactualFC": "@add(int(outputs('Obtener_elemento_1')?['body/NumeroactualFC']), length(outputs('Busca_las_facturas_de_la_semana_deseada')?['body/value']))"
                      },
                      "host": {
                        "apiId": "/providers/Microsoft.PowerApps/apis/shared_sharepointonline",
                        "operationId": "PatchItem",
                        "connectionName": "shared_sharepointonline-1"
                      }
                    },
                    "runAfter": {
                      "Establecer_variable_3": [
                        "Succeeded"
                      ]
                    },
                    "metadata": {
                      "operationMetadataId": "43a858ac-603c-46c7-b135-94ea3f9c7e40"
                    }
                  },
                  "Establecer_variable_3": {
                    "type": "SetVariable",
                    "inputs": {
                      "name": "contadorfc",
                      "value": "@int(outputs('Obtener_elemento_1')?['body/NumeroactualFC'])"
                    },
                    "metadata": {
                      "operationMetadataId": "7b4885a3-1246-45e4-be7e-6ac1b69cd09d"
                    }
                  }
                }
              },
              "runAfter": {
                "Obtener_elemento_1": [
                  "Succeeded"
                ]
              },
              "metadata": {
                "operationMetadataId": "49af7679-4892-4ad5-9bc5-1dd8e0b0a8e4"
              }
            },
            "Aplicar_a_cada_uno_2": {
              "type": "Foreach",
              "foreach": "@outputs('Busca_las_facturas_de_la_semana_deseada')?['body/value']",
              "actions": {
                "Obtener_una_fila": {
                  "type": "OpenApiConnection",
                  "inputs": {
                    "parameters": {
                      "source": "sites/dgourmetspain.sharepoint.com,ca1b2ddd-c9c0-4be8-9e60-4658a6f55062,d360b0a1-bb89-4370-8568-399bcadbc056",
                      "drive": "b!3S0bysDJ6EueYEZYpvVQYqGwYNOJu3BDhWg5m8rbwFZdx69-46jNQriBFCTzmMGk",
                      "file": "01JERIXQPAQVM5A3SZ6FE2R5SWK2O75OTE",
                      "table": "{00000000-000C-0000-FFFF-FFFF00000000}",
                      "idColumn": "Mote",
                      "id": "@item()?['Nombre']"
                    },
                    "host": {
                      "apiId": "/providers/Microsoft.PowerApps/apis/shared_excelonlinebusiness",
                      "operationId": "GetItem",
                      "connectionName": "shared_excelonlinebusiness"
                    }
                  },
                  "metadata": {
                    "013MRPU24FO4AELSVEBFCKEUWVCRZZUEHG": "/DGOURMET/ADM/CARTERAS CLIENTES, PROVEEDORES, PRODUCTOS/PROVEEDORES.xlsx",
                    "tableId": "{00000000-000C-0000-FFFF-FFFF00000000}",
                    "013MRPU2ZN6TJPVDCKIZHY55N65UDQYH67": "/DGOURMET/ADM/CARTERAS CLIENTES, PROVEEDORES, PRODUCTOS/PROVEEDORES.xlsx",
                    "operationMetadataId": "fc594c11-5266-4bc7-9e40-4e9a1c60a0cb",
                    "01JERIXQPAQVM5A3SZ6FE2R5SWK2O75OTE": "/FACTURACION/BASE DE DATOS CLIENTES, PROVEEDORES/PROVEEDORES.xlsx"
                  }
                },
                "Get_a_row_1": {
                  "type": "OpenApiConnection",
                  "inputs": {
                    "parameters": {
                      "source": "sites/dgourmetspain.sharepoint.com,ca1b2ddd-c9c0-4be8-9e60-4658a6f55062,d360b0a1-bb89-4370-8568-399bcadbc056",
                      "drive": "b!3S0bysDJ6EueYEZYpvVQYqGwYNOJu3BDhWg5m8rbwFZdx69-46jNQriBFCTzmMGk",
                      "file": "01JERIXQM427KID5PJOVGJL5U7FYNRIHVI",
                      "table": "{FB314105-7E54-4F24-835D-240AE2001C14}",
                      "idColumn": "NUMERO MES",
                      "id": "@formatDateTime(if(empty(item()?['Fecha Factura']), utcNow(), item()?['Fecha Factura']), 'MM')"
                    },
                    "host": {
                      "apiId": "/providers/Microsoft.PowerApps/apis/shared_excelonlinebusiness",
                      "operationId": "GetItem",
                      "connectionName": "shared_excelonlinebusiness"
                    }
                  },
                  "runAfter": {
                    "Obtener_una_fila": [
                      "Succeeded"
                    ]
                  },
                  "metadata": {
                    "013MRPU24ZEXYXNJKLKBA2GFTJNH3X4AOU": "/DGOURMET/POWER AUTOMATE/FACTURACION.xlsx",
                    "tableId": "{FB314105-7E54-4F24-835D-240AE2001C14}",
                    "operationMetadataId": "b7c535f0-5303-4f56-9e60-b255bd33652d",
                    "01JERIXQM427KID5PJOVGJL5U7FYNRIHVI": "/FACTURACION/EXCELS A RELLENAR/FACTURACION.xlsx"
                  }
                },
                "Incrementar_variable_1": {
                  "type": "IncrementVariable",
                  "inputs": {
                    "name": "contadorfc",
                    "value": 1
                  },
                  "runAfter": {
                    "Get_a_row_1": [
                      "Succeeded"
                    ]
                  },
                  "metadata": {
                    "operationMetadataId": "2a2742bc-1b40-472f-aeaf-fc8bd8cbd5e3"
                  }
                },
                "Redactar_1": {
                  "type": "Compose",
                  "inputs": {
                    "Nfact": "FC@{formatDateTime(if(empty(item()?['Fecha Factura']), utcNow(), item()?['Fecha Factura']), 'yy')}@{formatNumber(int(variables('contadorfc')), '0000')}",
                    "Fecha": "@{formatDateTime(if(empty(item()?['Fecha Factura']), utcNow(), item()?['Fecha Factura']), 'dd/MM/yyyy')}",
                    "Proveedor": "@{item()?['Proveedor']}",
                    "KgExt": "@item()?['Kg +20']",
                    "Kg1": "@item()?['Kg Gusano']",
                    "Kg2": 0,
                    "Kg3": "@item()?['Kg -20']",
                    "Kg5": "@item()?['Kg Blandas']",
                    "PrExt": "@item()?['Precio +20']",
                    "Pr1": "@item()?['Precio Gusano']",
                    "Pr2": 0,
                    "Pr3": "@item()?['Precio -20']",
                    "Pr5": "@item()?['Precio Blanda']",
                    "Descuento": "@{item()?['Descuento']}",
                    "Observaciones": "@{item()?['Observaciones']}",
                    "PAIS": "@{outputs('Obtener_una_fila')?['body/Pais']}",
                    "IVA": "@outputs('Obtener_una_fila')?['body/IVA']",
                    "IRPF": "@outputs('Obtener_una_fila')?['body/IRPF']",
                    "FACTURAR": "@{outputs('Obtener_una_fila')?['body/FACTURAR?']}",
                    "NIF": "@{outputs('Obtener_una_fila')?['body/DNI~1NIF']}",
                    "NOMBRE_COMPLETO": "@{outputs('Obtener_una_fila')?['body/Nombre']}",
                    "DIRECCION1": "@{outputs('Obtener_una_fila')?['body/Dirección']}",
                    "DIRECCION2": "@{outputs('Obtener_una_fila')?['body/Codigo Postal']} @{outputs('Obtener_una_fila')?['body/Localidad']}",
                    "EMAIL": "@{outputs('Obtener_una_fila')?['body/Correo electronico']}",
                    "BANCO": "@{outputs('Obtener_una_fila')?['body/Banco']}",
                    "BANCO_COMPLETO": "@{outputs('Obtener_una_fila')?['body/Banco']}",
                    "IBAN": "@{outputs('Obtener_una_fila')?['body/CUENTA BANCARIA']}",
                    "BIC": "",
                    "mes": "@{outputs('Get_a_row_1')?['body/MES']}"
                  },
                  "runAfter": {
                    "Incrementar_variable_1": [
                      "Succeeded"
                    ]
                  },
                  "metadata": {
                    "operationMetadataId": "e9b1d898-ebab-4fb9-8cf9-106300a2cf0a"
                  }
                },
                "Anexar_a_la_variable_de_matriz_1": {
                  "type": "AppendToArrayVariable",
                  "inputs": {
                    "name": "listafc",
                    "value": "@outputs('Redactar_1')"
                  },
                  "runAfter": {
                    "Redactar_1": [
                      "Succeeded"
                    ]
                  },
                  "metadata": {
                    "operationMetadataId": "4980c8cf-d7d1-4be8-9385-d34cdd32b172"
                  }
                }
              },
              "runAfter": {
                "Condición_2_1": [
                  "Succeeded"
                ]
              },
              "metadata": {
                "operationMetadataId": "4db3b151-9963-46e2-bbf1-4bc100992f9d"
              }
            }
          },
          "else": {
            "actions": {}
          },
          "runAfter": {
            "Inicializar_variable_4": [
              "Succeeded"
            ]
          },
          "metadata": {
            "operationMetadataId": "4cb507db-8612-4c8d-ad0f-0cf14d59f318"
          }
        },
        "FACTURAS_VENTA": {
          "type": "If",
          "expression": {
            "and": [
              {
                "equals": [
                  "@triggerBody()?['boolean_1']",
                  true
                ]
              }
            ]
          },
          "actions": {
            "Busca_las_facturas_de_la_semana_deseada_1": {
              "type": "OpenApiConnection",
              "inputs": {
                "parameters": {
                  "source": "sites/dgourmetspain.sharepoint.com,ca1b2ddd-c9c0-4be8-9e60-4658a6f55062,d360b0a1-bb89-4370-8568-399bcadbc056",
                  "drive": "b!3S0bysDJ6EueYEZYpvVQYqGwYNOJu3BDhWg5m8rbwFZdx69-46jNQriBFCTzmMGk",
                  "file": "01JERIXQJIXQIZZTZFLZFLZI4DZNRYM3T7",
                  "table": "{D8AA7A2E-26B3-4473-B44B-8970C56653BC}",
                  "$filter": "Semana Eq @{triggerBody()?['text']}"
                },
                "host": {
                  "apiId": "/providers/Microsoft.PowerApps/apis/shared_excelonlinebusiness",
                  "operationId": "GetItems",
                  "connectionName": "shared_excelonlinebusiness"
                }
              },
              "metadata": {
                "013MRPU27O4BCTMXN6JFCZA7M5G25LCCQ4": "/DGOURMET/ADM/TRUFA/2024-25/COMPRAS/COMPRAS 2024-25.xlsx",
                "tableId": "{D8AA7A2E-26B3-4473-B44B-8970C56653BC}",
                "operationMetadataId": "2f546b94-d112-4648-9975-11e689978724",
                "013MRPU27QP3SJOKDEXRA3GNTCADYS2JEA": "/DGOURMET/ADM/TRUFA/2024-25/VENTAS/VENTAS TRUFA 2024-25.xlsx",
                "01JERIXQOK66VYKPAQ5NCLOPP7YP6U6FO7": "/FACTURACION/VENTAS/VENTAS TRUFA 2024-25.xlsx",
                "01JERIXQJIXQIZZTZFLZFLZI4DZNRYM3T7": "/FACTURACION/EXCELS A RELLENAR/VENTAS 25-26.xlsx"
              }
            },
            "PARA_CADA_ORDEN_DE_VENTA": {
              "type": "Foreach",
              "foreach": "@variables('listafv')",
              "actions": {
                "Añade_toda_la_informacion_a_la_plantilla_1": {
                  "type": "OpenApiConnection",
                  "inputs": {
                    "parameters": {
                      "source": "sites/dgourmetspain.sharepoint.com,ca1b2ddd-c9c0-4be8-9e60-4658a6f55062,d360b0a1-bb89-4370-8568-399bcadbc056",
                      "drive": "b!3S0bysDJ6EueYEZYpvVQYqGwYNOJu3BDhWg5m8rbwFZdx69-46jNQriBFCTzmMGk",
                      "file": "@outputs('Crear_archivo_4')?['body/Id']",
                      "table": "Tabla9",
                      "item": {
                        "Nfact": "@{items('PARA_CADA_ORDEN_DE_VENTA')?['Nfact']}",
                        "Fecha": "@{items('PARA_CADA_ORDEN_DE_VENTA')?['Fecha']}",
                        "Cliente": "@{items('PARA_CADA_ORDEN_DE_VENTA')?['Cliente']}",
                        "Descuento": "@{items('PARA_CADA_ORDEN_DE_VENTA')?['Descuento']}",
                        "Observaciones": "@{items('PARA_CADA_ORDEN_DE_VENTA')?['Observaciones']}",
                        "PAIS": "@{items('PARA_CADA_ORDEN_DE_VENTA')?['PAIS']}",
                        "NIF": "@{items('PARA_CADA_ORDEN_DE_VENTA')?['NIF']}",
                        "NOMBRE COMPLETO": "@{items('PARA_CADA_ORDEN_DE_VENTA')?['NOMBRE_COMPLETO']}",
                        "DIRECCION1": "@{items('PARA_CADA_ORDEN_DE_VENTA')?['DIRECCION1']}",
                        "DIRECCION2": "@{items('PARA_CADA_ORDEN_DE_VENTA')?['DIRECCION2']}",
                        "EMAIL": "@{items('PARA_CADA_ORDEN_DE_VENTA')?['EMAIL']}",
                        "TRANSPORTE": "@{items('PARA_CADA_ORDEN_DE_VENTA')?['TRANSPORTE']}",
                        "BANCO": "@{items('PARA_CADA_ORDEN_DE_VENTA')?['BANCO']}",
                        "BANCO COMPLETO": "@{items('PARA_CADA_ORDEN_DE_VENTA')?['BANCO_COMPLETO']}",
                        "IBAN": "@{items('PARA_CADA_ORDEN_DE_VENTA')?['IBAN']}",
                        "BIC": "@{items('PARA_CADA_ORDEN_DE_VENTA')?['BIC']}",
                        "forma de pago": "@{items('PARA_CADA_ORDEN_DE_VENTA')?['forma_de_pago']}",
                        "cuenta giro": "@{items('PARA_CADA_ORDEN_DE_VENTA')?['cuenta_giro']}",
                        "Producto1": "@{items('PARA_CADA_ORDEN_DE_VENTA')?['Producto1']}",
                        "cantidad1": "@{items('PARA_CADA_ORDEN_DE_VENTA')?['cantidad1']}",
                        "precio1": "@{items('PARA_CADA_ORDEN_DE_VENTA')?['precio1']}",
                        "Producto2": "@{items('PARA_CADA_ORDEN_DE_VENTA')?['Producto2']}",
                        "cantidad2": "@{items('PARA_CADA_ORDEN_DE_VENTA')?['cantidad2']}",
                        "precio2": "@{items('PARA_CADA_ORDEN_DE_VENTA')?['precio2']}",
                        "Producto3": "@{items('PARA_CADA_ORDEN_DE_VENTA')?['Producto3']}",
                        "cantidad3": "@{items('PARA_CADA_ORDEN_DE_VENTA')?['cantidad3']}",
                        "precio3": "@{items('PARA_CADA_ORDEN_DE_VENTA')?['precio3']}",
                        "Producto4": "@{items('PARA_CADA_ORDEN_DE_VENTA')?['Producto4']}",
                        "cantidad4": "@{items('PARA_CADA_ORDEN_DE_VENTA')?['cantidad4']}",
                        "precio4": "@{items('PARA_CADA_ORDEN_DE_VENTA')?['precio4']}",
                        "Producto5": "@{items('PARA_CADA_ORDEN_DE_VENTA')?['Producto5']}",
                        "cantidad5": "@{items('PARA_CADA_ORDEN_DE_VENTA')?['cantidad5']}",
                        "precio5": "@{items('PARA_CADA_ORDEN_DE_VENTA')?['precio5']}",
                        "Producto6": "@{items('PARA_CADA_ORDEN_DE_VENTA')?['Producto6']}",
                        "cantidad6": "@{items('PARA_CADA_ORDEN_DE_VENTA')?['cantidad6']}",
                        "precio6": "@{items('PARA_CADA_ORDEN_DE_VENTA')?['precio6']}",
                        "Producto7": "@{items('PARA_CADA_ORDEN_DE_VENTA')?['Producto7']}",
                        "cantidad7": "@{items('PARA_CADA_ORDEN_DE_VENTA')?['cantidad7']}",
                        "precio7": "@{items('PARA_CADA_ORDEN_DE_VENTA')?['precio7']}",
                        "Producto8": "@{items('PARA_CADA_ORDEN_DE_VENTA')?['Producto8']}",
                        "cantidad8": "@{items('PARA_CADA_ORDEN_DE_VENTA')?['cantidad8']}",
                        "precio8": "@{items('PARA_CADA_ORDEN_DE_VENTA')?['precio8']}",
                        "Producto9": "@{items('PARA_CADA_ORDEN_DE_VENTA')?['Producto9']}",
                        "cantidad9": "@{items('PARA_CADA_ORDEN_DE_VENTA')?['cantidad9']}",
                        "precio9": "@{items('PARA_CADA_ORDEN_DE_VENTA')?['precio9']}",
                        "Producto10": "@{items('PARA_CADA_ORDEN_DE_VENTA')?['Producto10']}",
                        "cantidad10": "@{items('PARA_CADA_ORDEN_DE_VENTA')?['cantidad10']}",
                        "precio10": "@{items('PARA_CADA_ORDEN_DE_VENTA')?['precio10']}"
                      }
                    },
                    "host": {
                      "apiId": "/providers/Microsoft.PowerApps/apis/shared_excelonlinebusiness",
                      "operationId": "AddRowV2",
                      "connectionName": "shared_excelonlinebusiness"
                    }
                  },
                  "runAfter": {
                    "Crear_archivo_4": [
                      "Succeeded"
                    ]
                  },
                  "metadata": {
                    "013MRPU26NQB6K6BTMLVAZHPF5OKUCVY2K": "/DGOURMET/POWER AUTOMATE/PLANTILLAS/PLANTILLA FACTURA COMPRA TRUFA.xlsx",
                    "tableId": "Tabla9",
                    "operationMetadataId": "b14dd521-f4f6-4c73-a487-1d1883d1c64e",
                    "013MRPU25PJFR4GLNCI5D3OHMOGQ7N6W74": "/DGOURMET/POWER AUTOMATE/PLANTILLAS/PLANTILLA FACTURA VENTA TRUFA.xlsx",
                    "01JERIXQLQTA5W4ZHBYRHJKRGWX5IJWOPH": "/POWER AUTOMATE/PLANTILLAS/PLANTILLA FACTURA VENTA CAVIAR.xlsx",
                    "01JERIXQOWWLTM35RZDREZWLWNY2AEBSBN": "/PABLO/POWER AUTOMATE/PLANTILLAS/PLANTILLA FACTURA VENTA TRUFA.xlsx",
                    "01JERIXQPPDPK6L3XQ5ZE3Z6GZWM3JZ7IS": "/PABLO/POWER AUTOMATE/PLANTILLAS/PLANTILLA FACTURA VENTA GENERAL.xlsx",
                    "013MRPU2ZCXXT2SXVJFRAZC4Q6ROEOZF4R": "/DGOURMET/POWER AUTOMATE/PLANTILLAS/PLANTILLA FACTURA VENTA GENERAL.xlsx",
                    "01JERIXQKVSE67FWGJIFEK4VI6647UTR5E": "/POWER AUTOMATE/POWER AUTOMATE/PLANTILLAS (NO TOCAR)/PLANTILLA FACTURA VENTA GENERAL.xlsx"
                  }
                },
                "Crear_archivo_3": {
                  "type": "OpenApiConnection",
                  "inputs": {
                    "parameters": {
                      "folderPath": "/DGOURMET/ADM/TRUFA/2025-26/PRUEBAS/VENTAS/@{item()?['mes']}/EXCELS",
                      "name": "@{item()?['Nfact']}  @{item()?['NOMBRE_COMPLETO']}.xlsx",
                      "body": "@body('Obtener_contenido_de_archivo')"
                    },
                    "host": {
                      "apiId": "/providers/Microsoft.PowerApps/apis/shared_onedriveforbusiness",
                      "operationId": "CreateFile",
                      "connectionName": "shared_onedriveforbusiness"
                    }
                  },
                  "runAfter": {
                    "Obtener_contenido_de_archivo": [
                      "Succeeded"
                    ]
                  },
                  "runtimeConfiguration": {
                    "contentTransfer": {
                      "transferMode": "Chunked"
                    }
                  },
                  "metadata": {
                    "operationMetadataId": "22c9316f-db82-4d38-99c7-aa163a0299ca"
                  }
                },
                "Convertir_un_archivo_1": {
                  "type": "OpenApiConnection",
                  "inputs": {
                    "parameters": {
                      "id": "@outputs('Crear_archivo_3')?['body/Id']",
                      "type": "PDF"
                    },
                    "host": {
                      "apiId": "/providers/Microsoft.PowerApps/apis/shared_onedriveforbusiness",
                      "operationId": "ConvertFile",
                      "connectionName": "shared_onedriveforbusiness"
                    }
                  },
                  "runAfter": {
                    "Crear_archivo_3": [
                      "Succeeded"
                    ]
                  },
                  "metadata": {
                    "b!hhADqLpDCUildgdvpmsrsB1mJR5UnL9HqakzEtgyMzSLfIk97-C9T6TEivt5HnLV.013MRPU26NQB6K6BTMLVAZHPF5OKUCVY2K": "/DGOURMET/POWER AUTOMATE/PLANTILLAS/PLANTILLA FACTURA COMPRA TRUFA.xlsx",
                    "operationMetadataId": "6a495f3a-ac34-4873-a0f7-e8238cf85815",
                    "b!hhADqLpDCUildgdvpmsrsB1mJR5UnL9HqakzEtgyMzSLfIk97-C9T6TEivt5HnLV.013MRPU25PJFR4GLNCI5D3OHMOGQ7N6W74": "/DGOURMET/POWER AUTOMATE/PLANTILLAS/PLANTILLA FACTURA VENTA TRUFA.xlsx"
                  }
                },
                "Crear_archivo_2": {
                  "type": "OpenApiConnection",
                  "inputs": {
                    "parameters": {
                      "dataset": "https://dgourmetspain.sharepoint.com/sites/D'GourmetSpain",
                      "folderPath": "/Documentos compartidos/FACTURACION/FACTURAS REALIZADAS/2025-2026/@{if(triggerBody()?['boolean_2'],'PRUEBAS/','')}VENTAS/@{item()?['mes']}",
                      "name": "@{item()?['Nfact']}  @{item()?['NOMBRE_COMPLETO']}.pdf",
                      "body": "@body('Convertir_un_archivo_1')"
                    },
                    "host": {
                      "apiId": "/providers/Microsoft.PowerApps/apis/shared_sharepointonline",
                      "operationId": "CreateFile",
                      "connectionName": "shared_sharepointonline-1"
                    }
                  },
                  "runAfter": {
                    "Convertir_un_archivo_1": [
                      "Succeeded"
                    ]
                  },
                  "runtimeConfiguration": {
                    "contentTransfer": {
                      "transferMode": "Chunked"
                    }
                  },
                  "metadata": {
                    "operationMetadataId": "72c531d0-dfa4-431e-830c-e3f52a356774"
                  }
                },
                "Obtener_contenido_de_archivo": {
                  "type": "OpenApiConnection",
                  "inputs": {
                    "parameters": {
                      "dataset": "https://dgourmetspain.sharepoint.com/sites/D'GourmetSpain",
                      "id": "@outputs('Crear_archivo_4')?['body/Id']",
                      "inferContentType": true
                    },
                    "host": {
                      "apiId": "/providers/Microsoft.PowerApps/apis/shared_sharepointonline",
                      "operationId": "GetFileContent",
                      "connectionName": "shared_sharepointonline-1"
                    }
                  },
                  "runAfter": {
                    "Retraso": [
                      "Succeeded"
                    ]
                  },
                  "metadata": {
                    "operationMetadataId": "a7c034ae-b064-4da7-89d4-71b6c766be58"
                  }
                },
                "Retraso": {
                  "type": "Wait",
                  "inputs": {
                    "interval": {
                      "count": 60,
                      "unit": "Second"
                    }
                  },
                  "runAfter": {
                    "Condición": [
                      "Succeeded"
                    ]
                  },
                  "metadata": {
                    "operationMetadataId": "b073439e-a99b-4182-8216-1d4269f3215e"
                  }
                },
                "Crear_archivo_4": {
                  "type": "OpenApiConnection",
                  "inputs": {
                    "parameters": {
                      "dataset": "https://dgourmetspain.sharepoint.com/sites/D'GourmetSpain",
                      "folderPath": "/Documentos compartidos/FACTURACION/FACTURAS REALIZADAS/2025-2026/@{if(triggerBody()?['boolean_2'],'PRUEBAS/','')}VENTAS/@{item()?['mes']}/EXCELS",
                      "name": "@{item()?['Nfact']}  @{item()?['NOMBRE_COMPLETO']}.xlsx",
                      "body": "@body('Obtener_contenido_de_archivo_1')"
                    },
                    "host": {
                      "apiId": "/providers/Microsoft.PowerApps/apis/shared_sharepointonline",
                      "operationId": "CreateFile",
                      "connectionName": "shared_sharepointonline-1"
                    }
                  },
                  "runtimeConfiguration": {
                    "contentTransfer": {
                      "transferMode": "Chunked"
                    }
                  },
                  "metadata": {
                    "operationMetadataId": "c5e1520f-02ac-4604-81bf-827a16389870"
                  }
                },
                "Condición": {
                  "type": "If",
                  "expression": {
                    "and": [
                      {
                        "equals": [
                          0,
                          1
                        ]
                      }
                    ]
                  },
                  "actions": {},
                  "else": {
                    "actions": {
                      "BALANCE_FINAL": {
                        "type": "Foreach",
                        "foreach": "@variables('listafv')",
                        "actions": {
                          "Condition_4": {
                            "type": "If",
                            "expression": {
                              "and": [
                                {
                                  "equals": [
                                    1,
                                    0
                                  ]
                                },
                                {
                                  "not": {
                                    "equals": [
                                      "",
                                      ""
                                    ]
                                  }
                                }
                              ]
                            },
                            "actions": {
                              "Condition_5": {
                                "type": "If",
                                "expression": {
                                  "and": [
                                    {
                                      "equals": [
                                        "@variables('impuestosventa')",
                                        true
                                      ]
                                    },
                                    {
                                      "equals": [
                                        0,
                                        0
                                      ]
                                    }
                                  ]
                                },
                                "actions": {
                                  "Add_a_row_into_a_table_3": {
                                    "type": "OpenApiConnection",
                                    "inputs": {
                                      "parameters": {
                                        "source": "sites/dgourmetspain.sharepoint.com,ca1b2ddd-c9c0-4be8-9e60-4658a6f55062,d360b0a1-bb89-4370-8568-399bcadbc056",
                                        "drive": "b!3S0bysDJ6EueYEZYpvVQYqGwYNOJu3BDhWg5m8rbwFZdx69-46jNQriBFCTzmMGk",
                                        "file": "01JERIXQMZA337KNYLKVBZTNGKJB3XY6R7",
                                        "table": "{C1F74D24-85AD-484C-9C42-5993679DA981}",
                                        "item/SEMANA": "@triggerBody()?['text']",
                                        "item/Fecha de Factura": "@  formatDateTime(if(empty(items('PARA_CADA_ORDEN_DE_VENTA')?['Fecha Factura']), utcNow(), items('PARA_CADA_ORDEN_DE_VENTA')?['Fecha Factura']), 'dd/MM/yyyy')",
                                        "item/Cliente": "@outputs('Añade_toda_la_informacion_a_la_plantilla_1')?['body/NOMBRE COMPLETO']"
                                      },
                                      "host": {
                                        "apiId": "/providers/Microsoft.PowerApps/apis/shared_excelonlinebusiness",
                                        "operationId": "AddRowV2",
                                        "connectionName": "shared_excelonlinebusiness"
                                      }
                                    },
                                    "metadata": {
                                      "013MRPU2ZMKNI42OAAKNFJPPWI6MBV4MKO": "/DGOURMET/CONTABILIDAD/BALANCE FINALCAMPAÑA 24-25 PRUEBAS.xlsx",
                                      "operationMetadataId": "b6b93abd-8340-4a37-a9b2-94e77d8c6c0a",
                                      "tableId": "{C1F74D24-85AD-484C-9C42-5993679DA981}",
                                      "01JERIXQMZA337KNYLKVBZTNGKJB3XY6R7": "/CONTABILIDAD/BALANCE FINALCAMPAÑA 24-25 PRUEBAS.xlsx"
                                    }
                                  }
                                },
                                "else": {
                                  "actions": {
                                    "Set_variable_2": {
                                      "type": "SetVariable",
                                      "inputs": {
                                        "name": "impuestosventa",
                                        "value": true
                                      },
                                      "runAfter": {
                                        "Add_a_row_into_a_table_2-copy_1": [
                                          "Succeeded"
                                        ]
                                      },
                                      "metadata": {
                                        "operationMetadataId": "9b3789d0-0b84-4337-9470-d3c598575d19"
                                      }
                                    },
                                    "Add_a_row_into_a_table_2-copy_1": {
                                      "type": "OpenApiConnection",
                                      "inputs": {
                                        "parameters": {
                                          "source": "sites/dgourmetspain.sharepoint.com,ca1b2ddd-c9c0-4be8-9e60-4658a6f55062,d360b0a1-bb89-4370-8568-399bcadbc056",
                                          "drive": "b!3S0bysDJ6EueYEZYpvVQYqGwYNOJu3BDhWg5m8rbwFZdx69-46jNQriBFCTzmMGk",
                                          "file": "01JERIXQMZA337KNYLKVBZTNGKJB3XY6R7",
                                          "table": "{C1F74D24-85AD-484C-9C42-5993679DA981}",
                                          "item/SEMANA": "@triggerBody()?['text']",
                                          "item/Número factura": "@outputs('Añade_toda_la_informacion_a_la_plantilla_1')?['body/Nfact']",
                                          "item/Fecha de Factura": "@  formatDateTime(if(empty(items('PARA_CADA_ORDEN_DE_VENTA')?['Fecha Factura']), utcNow(), items('PARA_CADA_ORDEN_DE_VENTA')?['Fecha Factura']), 'dd/MM/yyyy')",
                                          "item/Cliente": "@outputs('Añade_toda_la_informacion_a_la_plantilla_1')?['body/NOMBRE COMPLETO']"
                                        },
                                        "host": {
                                          "apiId": "/providers/Microsoft.PowerApps/apis/shared_excelonlinebusiness",
                                          "operationId": "AddRowV2",
                                          "connectionName": "shared_excelonlinebusiness"
                                        }
                                      },
                                      "metadata": {
                                        "013MRPU2ZMKNI42OAAKNFJPPWI6MBV4MKO": "/DGOURMET/CONTABILIDAD/BALANCE FINALCAMPAÑA 24-25 PRUEBAS.xlsx",
                                        "operationMetadataId": "b6b93abd-8340-4a37-a9b2-94e77d8c6c0a",
                                        "tableId": "{C1F74D24-85AD-484C-9C42-5993679DA981}",
                                        "01JERIXQMZA337KNYLKVBZTNGKJB3XY6R7": "/CONTABILIDAD/BALANCE FINALCAMPAÑA 24-25 PRUEBAS.xlsx"
                                      }
                                    }
                                  }
                                },
                                "metadata": {
                                  "operationMetadataId": "5bb2e19b-ba90-4ed6-84eb-9e762cad4500"
                                }
                              }
                            },
                            "else": {
                              "actions": {}
                            },
                            "metadata": {
                              "operationMetadataId": "4b097595-e796-44ba-bd41-f6bcef9818ff"
                            }
                          }
                        },
                        "metadata": {
                          "operationMetadataId": "d9316a52-f07f-4ec4-aef5-20037f3d29f4"
                        }
                      },
                      "Set_variable_3": {
                        "type": "SetVariable",
                        "inputs": {
                          "name": "impuestosventa",
                          "value": false
                        },
                        "runAfter": {
                          "BALANCE_FINAL": [
                            "Succeeded"
                          ]
                        },
                        "metadata": {
                          "operationMetadataId": "b0c96883-4b65-4efa-af3e-ebe44a4e4c4e"
                        }
                      },
                      "RESUMEN_CONTABLE": {
                        "type": "OpenApiConnection",
                        "inputs": {
                          "parameters": {
                            "source": "sites/dgourmetspain.sharepoint.com,ca1b2ddd-c9c0-4be8-9e60-4658a6f55062,d360b0a1-bb89-4370-8568-399bcadbc056",
                            "drive": "b!3S0bysDJ6EueYEZYpvVQYqGwYNOJu3BDhWg5m8rbwFZdx69-46jNQriBFCTzmMGk",
                            "file": "01JERIXQJQGEARKBJQINELYUERRBAA55QL",
                            "table": "FV",
                            "item/Número factura": "@outputs('Añade_toda_la_informacion_a_la_plantilla_1')?['body/Nfact']",
                            "item/Fecha de Factura": "@  formatDateTime(if(empty(items('PARA_CADA_ORDEN_DE_VENTA')?['Fecha Factura']), utcNow(), items('PARA_CADA_ORDEN_DE_VENTA')?['Fecha Factura']), 'dd/MM/yyyy')",
                            "item/Cliente": "@outputs('Añade_toda_la_informacion_a_la_plantilla_1')?['body/NOMBRE COMPLETO']",
                            "item/Banco ": "@outputs('Añade_toda_la_informacion_a_la_plantilla_1')?['body/BANCO']",
                            "item/Producto": "TRUFA"
                          },
                          "host": {
                            "apiId": "/providers/Microsoft.PowerApps/apis/shared_excelonlinebusiness",
                            "operationId": "AddRowV2",
                            "connectionName": "shared_excelonlinebusiness"
                          }
                        },
                        "runAfter": {
                          "Set_variable_3": [
                            "Succeeded"
                          ]
                        },
                        "metadata": {
                          "013MRPU2Y3YCFVCKRIBNBJQRT3EYKGX3PC": "/DGOURMET/CONTABILIDAD/RESUMEN CONTABLE PRUEBA.xlsx",
                          "tableId": "FV",
                          "operationMetadataId": "5b4b413d-2bbb-47c8-9c49-8665d8335227",
                          "01JERIXQJQGEARKBJQINELYUERRBAA55QL": "/CONTABILIDAD/RESUMEN CONTABLE PRUEBA.xlsx"
                        }
                      }
                    }
                  },
                  "runAfter": {
                    "Añade_toda_la_informacion_a_la_plantilla_1": [
                      "Succeeded"
                    ]
                  },
                  "metadata": {
                    "operationMetadataId": "535aec22-52d5-4cd1-b02d-7516208ac634"
                  }
                }
              },
              "runAfter": {
                "Aplicar_a_cada_uno_1": [
                  "Succeeded"
                ]
              },
              "runtimeConfiguration": {
                "concurrency": {
                  "repetitions": 20
                }
              },
              "metadata": {
                "operationMetadataId": "40930267-2452-4ee7-afc5-c38ba11d1737"
              }
            },
            "Obtener_elemento": {
              "type": "OpenApiConnection",
              "inputs": {
                "parameters": {
                  "dataset": "https://dgourmetspain.sharepoint.com/sites/D'GourmetSpain",
                  "table": "f19ac5cc-f1c6-4d1a-b25f-30749138a791",
                  "id": 1
                },
                "host": {
                  "apiId": "/providers/Microsoft.PowerApps/apis/shared_sharepointonline",
                  "operationId": "GetItem",
                  "connectionName": "shared_sharepointonline-1"
                }
              },
              "runAfter": {
                "Busca_las_facturas_de_la_semana_deseada_1": [
                  "Succeeded"
                ]
              },
              "metadata": {
                "operationMetadataId": "125176d4-5c1a-4dfe-8bc4-1b1b72bdc01b"
              }
            },
            "Aplicar_a_cada_uno_1": {
              "type": "Foreach",
              "foreach": "@outputs('Busca_las_facturas_de_la_semana_deseada_1')?['body/value']",
              "actions": {
                "Incrementar_variable": {
                  "type": "IncrementVariable",
                  "inputs": {
                    "name": "contadorfv",
                    "value": 1
                  },
                  "runAfter": {
                    "Guarda_el_mes_": [
                      "Succeeded"
                    ]
                  },
                  "metadata": {
                    "operationMetadataId": "2a2742bc-1b40-472f-aeaf-fc8bd8cbd5e3"
                  }
                },
                "Redactar": {
                  "type": "Compose",
                  "inputs": {
                    "Nfact": "@{concat('FV', formatDateTime(if(empty(item()?['Fecha Factura']), utcNow(), item()?['Fecha Factura']), 'yy'), formatNumber(int(variables('contadorfv')), '0000'))}",
                    "Fecha": "@{if(equals(items('Aplicar_a_cada_uno_1')?['Pais'], 'España'), formatDateTime(if(empty(items('Aplicar_a_cada_uno_1')?['Fecha Factura']), utcNow(), items('Aplicar_a_cada_uno_1')?['Fecha Factura']), 'dd/MM/yyyy'), formatDateTime(if(empty(items('Aplicar_a_cada_uno_1')?['Fecha Factura']), utcNow(), items('Aplicar_a_cada_uno_1')?['Fecha Factura']), 'MMM-dd-yyyy'))}",
                    "Cliente": "@{outputs('OBTIENE_CLIENTES')?['body/Cliente']}",
                    "Descuento": "@{items('Aplicar_a_cada_uno_1')?['Descuento']}",
                    "PAIS": "@{outputs('OBTIENE_CLIENTES')?['body/Pais']}",
                    "NIF": "@{outputs('OBTIENE_CLIENTES')?['body/NIF~1VAT']}",
                    "NOMBRE_COMPLETO": "@{outputs('OBTIENE_CLIENTES')?['body/Nombre completo Cliente']}",
                    "DIRECCION1": "@{outputs('OBTIENE_CLIENTES')?['body/Dirección']}",
                    "DIRECCION2": "@{concat(outputs('OBTIENE_CLIENTES')?['body/Codigo Postal'], ' ', outputs('OBTIENE_CLIENTES')?['body/Localidad'])}",
                    "EMAIL": "@{outputs('OBTIENE_CLIENTES')?['body/E-mail']}",
                    "TRANSPORTE": "@{items('Aplicar_a_cada_uno_1')?['TRANSPORTE']}",
                    "BANCO": "@{outputs('OBTIENE_CLIENTES')?['body/Banco']}",
                    "BANCO_COMPLETO": "@{outputs('BANCOS')?['body/NOMBRE COMPLETO']}",
                    "IBAN": "@{if(equals(outputs('OBTIENE_CLIENTES')?['body/Forma de pago'], 'Transferencia'), outputs('BANCOS')?['body/IBAN'], '')}",
                    "BIC": "@{if(equals(outputs('OBTIENE_CLIENTES')?['body/Forma de pago'], 'Transferencia'), outputs('BANCOS')?['body/BIC/SWIFT'], '')}",
                    "forma_de_pago": "@{outputs('OBTIENE_CLIENTES')?['body/Forma de pago']}",
                    "cuenta_giro": "@{outputs('OBTIENE_CLIENTES')?['body/Nª Cuenta Giro Bancario']}",
                    "Producto1": "@{items('Aplicar_a_cada_uno_1')?['PRODUCTO1']}",
                    "cantidad1": "@{items('Aplicar_a_cada_uno_1')?['CANTIDAD1']}",
                    "precio1": "@{items('Aplicar_a_cada_uno_1')?['PRECIO1']}",
                    "Producto2": "@{items('Aplicar_a_cada_uno_1')?['PRODUCTO2']}",
                    "cantidad2": "@{items('Aplicar_a_cada_uno_1')?['CANTIDAD2']}",
                    "precio2": "@{items('Aplicar_a_cada_uno_1')?['PRECIO2']}",
                    "Producto3": "@{items('Aplicar_a_cada_uno_1')?['PRODUCTO3']}",
                    "cantidad3": "@{items('Aplicar_a_cada_uno_1')?['CANTIDAD3']}",
                    "precio3": "@{items('Aplicar_a_cada_uno_1')?['PRECIO3']}",
                    "Producto4": "@{items('Aplicar_a_cada_uno_1')?['PRODUCTO4']}",
                    "cantidad4": "@{items('Aplicar_a_cada_uno_1')?['CANTIDAD4']}",
                    "precio4": "@{items('Aplicar_a_cada_uno_1')?['PRECIO4']}",
                    "Producto5": "@{items('Aplicar_a_cada_uno_1')?['PRODUCTO5']}",
                    "cantidad5": "@{items('Aplicar_a_cada_uno_1')?['CANTIDAD5']}",
                    "precio5": "@{items('Aplicar_a_cada_uno_1')?['PRECIO5']}",
                    "Producto6": "@{items('Aplicar_a_cada_uno_1')?['PRODUCTO6']}",
                    "cantidad6": "@{items('Aplicar_a_cada_uno_1')?['CANTIDAD6']}",
                    "precio6": "@{items('Aplicar_a_cada_uno_1')?['PRECIO6']}",
                    "Producto7": "@{items('Aplicar_a_cada_uno_1')?['PRODUCTO7']}",
                    "cantidad7": "@{items('Aplicar_a_cada_uno_1')?['CANTIDAD7']}",
                    "precio7": "@{items('Aplicar_a_cada_uno_1')?['PRECIO7']}",
                    "Producto8": "@{items('Aplicar_a_cada_uno_1')?['PRODUCTO8']}",
                    "cantidad8": "@{items('Aplicar_a_cada_uno_1')?['CANTIDAD8']}",
                    "precio8": "@{items('Aplicar_a_cada_uno_1')?['PRECIO8']}",
                    "Producto9": "@{items('Aplicar_a_cada_uno_1')?['PRODUCTO9']}",
                    "cantidad9": "@{items('Aplicar_a_cada_uno_1')?['CANTIDAD9']}",
                    "precio9": "@{items('Aplicar_a_cada_uno_1')?['PRECIO9']}",
                    "Producto10": "@{items('Aplicar_a_cada_uno_1')?['PRODUCTO10']}",
                    "cantidad10": "@{items('Aplicar_a_cada_uno_1')?['CANTIDAD10']}",
                    "precio10": "@{items('Aplicar_a_cada_uno_1')?['PRECIO10']}",
                    "mes": "@{outputs('Guarda_el_mes_')?['body/MES']}"
                  },
                  "runAfter": {
                    "Incrementar_variable": [
                      "Succeeded"
                    ]
                  },
                  "metadata": {
                    "operationMetadataId": "e9b1d898-ebab-4fb9-8cf9-106300a2cf0a"
                  }
                },
                "Anexar_a_la_variable_de_matriz": {
                  "type": "AppendToArrayVariable",
                  "inputs": {
                    "name": "listafv",
                    "value": "@outputs('Redactar')"
                  },
                  "runAfter": {
                    "Redactar": [
                      "Succeeded"
                    ]
                  },
                  "metadata": {
                    "operationMetadataId": "4980c8cf-d7d1-4be8-9385-d34cdd32b172"
                  }
                },
                "OBTIENE_CLIENTES": {
                  "type": "OpenApiConnection",
                  "inputs": {
                    "parameters": {
                      "source": "sites/dgourmetspain.sharepoint.com,ca1b2ddd-c9c0-4be8-9e60-4658a6f55062,d360b0a1-bb89-4370-8568-399bcadbc056",
                      "drive": "b!3S0bysDJ6EueYEZYpvVQYqGwYNOJu3BDhWg5m8rbwFZdx69-46jNQriBFCTzmMGk",
                      "file": "01JERIXQJE3ILHENBAJBDZ4MAIABO5PB4F",
                      "table": "{00000000-000C-0000-FFFF-FFFF00000000}",
                      "idColumn": "Cliente",
                      "id": "@items('Aplicar_a_cada_uno_1')?['CLIENTE']"
                    },
                    "host": {
                      "apiId": "/providers/Microsoft.PowerApps/apis/shared_excelonlinebusiness",
                      "operationId": "GetItem",
                      "connectionName": "shared_excelonlinebusiness"
                    }
                  },
                  "metadata": {
                    "013MRPU24FO4AELSVEBFCKEUWVCRZZUEHG": "/DGOURMET/ADM/CARTERAS CLIENTES, PROVEEDORES, PRODUCTOS/PROVEEDORES.xlsx",
                    "tableId": "{00000000-000C-0000-FFFF-FFFF00000000}",
                    "013MRPU2ZN6TJPVDCKIZHY55N65UDQYH67": "/DGOURMET/ADM/CARTERAS CLIENTES, PROVEEDORES, PRODUCTOS/PROVEEDORES.xlsx",
                    "operationMetadataId": "fc594c11-5266-4bc7-9e40-4e9a1c60a0cb",
                    "013MRPU27KSCWW4K6G4JH2VX6IDKPAFKNG": "/DGOURMET/ADM/CARTERAS CLIENTES, PROVEEDORES, PRODUCTOS/CLIENTES.xlsx",
                    "01JERIXQPEFX5O5HNXT5H2FJFCT7GYVJD3": "/CARTERA DE CLIENTES Y PROVEEDORES/CLIENTES - PRODUCTOS.xlsx",
                    "01JERIXQJE3ILHENBAJBDZ4MAIABO5PB4F": "/FACTURACION/BASE DE DATOS CLIENTES, PROVEEDORES/CLIENTES.xlsx"
                  }
                },
                "BANCOS": {
                  "type": "OpenApiConnection",
                  "inputs": {
                    "parameters": {
                      "source": "sites/dgourmetspain.sharepoint.com,ca1b2ddd-c9c0-4be8-9e60-4658a6f55062,d360b0a1-bb89-4370-8568-399bcadbc056",
                      "drive": "b!3S0bysDJ6EueYEZYpvVQYqGwYNOJu3BDhWg5m8rbwFZdx69-46jNQriBFCTzmMGk",
                      "file": "01JERIXQPOVCPGBMOVDNHKCDRRY5DEHIT4",
                      "table": "{DA31A911-86B5-4D56-A4A7-EF23F4C208F3}",
                      "idColumn": "Nombre",
                      "id": "@outputs('OBTIENE_CLIENTES')?['body/Banco']"
                    },
                    "host": {
                      "apiId": "/providers/Microsoft.PowerApps/apis/shared_excelonlinebusiness",
                      "operationId": "GetItem",
                      "connectionName": "shared_excelonlinebusiness"
                    }
                  },
                  "runAfter": {
                    "OBTIENE_CLIENTES": [
                      "Succeeded"
                    ]
                  },
                  "metadata": {
                    "013MRPU22MOAJ3WMAKTZGKVLQ7RBVIEMQJ": "/DGOURMET/ADM/CARTERAS CLIENTES, PROVEEDORES, PRODUCTOS/BANCOS.xlsx",
                    "tableId": "{DA31A911-86B5-4D56-A4A7-EF23F4C208F3}",
                    "operationMetadataId": "ed50d0f6-0998-4e53-bbd3-e240cf521f43",
                    "01JERIXQPOVCPGBMOVDNHKCDRRY5DEHIT4": "/FACTURACION/BASE DE DATOS CLIENTES, PROVEEDORES/BANCOS.xlsx"
                  }
                },
                "Guarda_el_mes_": {
                  "type": "OpenApiConnection",
                  "inputs": {
                    "parameters": {
                      "source": "groups/e53a60c6-7eea-43b9-9fcc-d315bfd47cab",
                      "drive": "b!3S0bysDJ6EueYEZYpvVQYqGwYNOJu3BDhWg5m8rbwFZdx69-46jNQriBFCTzmMGk",
                      "file": "01JERIXQM427KID5PJOVGJL5U7FYNRIHVI",
                      "table": "{FB314105-7E54-4F24-835D-240AE2001C14}",
                      "idColumn": "NUMERO MES",
                      "id": "@formatDateTime(utcNow(),'MM')"
                    },
                    "host": {
                      "apiId": "/providers/Microsoft.PowerApps/apis/shared_excelonlinebusiness",
                      "operationId": "GetItem",
                      "connectionName": "shared_excelonlinebusiness"
                    }
                  },
                  "runAfter": {
                    "BANCOS": [
                      "Succeeded"
                    ]
                  },
                  "metadata": {
                    "013MRPU24ZEXYXNJKLKBA2GFTJNH3X4AOU": "/DGOURMET/POWER AUTOMATE/FACTURACION.xlsx",
                    "tableId": "{FB314105-7E54-4F24-835D-240AE2001C14}",
                    "operationMetadataId": "ea4eecea-c4f1-4991-a081-f17b21fc7e1f",
                    "01JERIXQM427KID5PJOVGJL5U7FYNRIHVI": "/FACTURACION/EXCELS A RELLENAR/FACTURACION.xlsx"
                  }
                }
              },
              "runAfter": {
                "Condición_2": [
                  "Succeeded"
                ]
              },
              "metadata": {
                "operationMetadataId": "c672bc92-ba46-4778-8567-4ab92130b907"
              }
            },
            "Condición_2": {
              "type": "If",
              "expression": {
                "and": [
                  {
                    "equals": [
                      "@triggerBody()?['boolean_2']",
                      true
                    ]
                  }
                ]
              },
              "actions": {
                "Actualizar_elemento": {
                  "type": "OpenApiConnection",
                  "inputs": {
                    "parameters": {
                      "dataset": "https://dgourmetspain.sharepoint.com/sites/D'GourmetSpain",
                      "table": "f19ac5cc-f1c6-4d1a-b25f-30749138a791",
                      "id": 1,
                      "item/PRUEBASFV": "@add(outputs('Obtener_elemento')?['body/PRUEBASFV'], length(outputs('Busca_las_facturas_de_la_semana_deseada_1')?['body/value']))"
                    },
                    "host": {
                      "apiId": "/providers/Microsoft.PowerApps/apis/shared_sharepointonline",
                      "operationId": "PatchItem",
                      "connectionName": "shared_sharepointonline-1"
                    }
                  },
                  "runAfter": {
                    "Establecer_variable": [
                      "Succeeded"
                    ]
                  },
                  "metadata": {
                    "operationMetadataId": "43a858ac-603c-46c7-b135-94ea3f9c7e40"
                  }
                },
                "Establecer_variable": {
                  "type": "SetVariable",
                  "inputs": {
                    "name": "contadorfv",
                    "value": "@int(outputs('Obtener_elemento')?['body/PRUEBASFV'])"
                  },
                  "metadata": {
                    "operationMetadataId": "7b4885a3-1246-45e4-be7e-6ac1b69cd09d"
                  }
                }
              },
              "else": {
                "actions": {
                  "Actualizar_elemento_1": {
                    "type": "OpenApiConnection",
                    "inputs": {
                      "parameters": {
                        "dataset": "https://dgourmetspain.sharepoint.com/sites/D'GourmetSpain",
                        "table": "f19ac5cc-f1c6-4d1a-b25f-30749138a791",
                        "id": 1,
                        "item/NumeroactualFV": "@add(outputs('Obtener_elemento')?['body/NumeroactualFV'], length(outputs('Busca_las_facturas_de_la_semana_deseada_1')?['body/value']))"
                      },
                      "host": {
                        "apiId": "/providers/Microsoft.PowerApps/apis/shared_sharepointonline",
                        "operationId": "PatchItem",
                        "connectionName": "shared_sharepointonline-1"
                      }
                    },
                    "runAfter": {
                      "Establecer_variable_1": [
                        "Succeeded"
                      ]
                    },
                    "metadata": {
                      "operationMetadataId": "43a858ac-603c-46c7-b135-94ea3f9c7e40"
                    }
                  },
                  "Establecer_variable_1": {
                    "type": "SetVariable",
                    "inputs": {
                      "name": "contadorfv",
                      "value": "@int(outputs('Obtener_elemento')?['body/NumeroactualFV'])"
                    },
                    "metadata": {
                      "operationMetadataId": "7b4885a3-1246-45e4-be7e-6ac1b69cd09d"
                    }
                  }
                }
              },
              "runAfter": {
                "Obtener_elemento": [
                  "Succeeded"
                ]
              },
              "metadata": {
                "operationMetadataId": "d0803e23-efa0-4017-9be5-665aecda847b"
              }
            }
          },
          "else": {
            "actions": {}
          },
          "runAfter": {
            "Inicializar_variable_4": [
              "Succeeded"
            ]
          },
          "metadata": {
            "operationMetadataId": "4cb507db-8612-4c8d-ad0f-0cf14d59f318"
          }
        },
        "Initialize_variable": {
          "type": "InitializeVariable",
          "inputs": {
            "variables": [
              {
                "name": "impuestoscompra",
                "type": "boolean",
                "value": false
              }
            ]
          },
          "runAfter": {
            "Inicializar_variable-copy": [
              "Succeeded"
            ]
          },
          "metadata": {
            "operationMetadataId": "b5caea77-aa35-4d4e-a46b-002782938924"
          }
        },
        "Initialize_variable_1": {
          "type": "InitializeVariable",
          "inputs": {
            "variables": [
              {
                "name": "cantidad",
                "type": "string",
                "value": "0"
              }
            ]
          },
          "runAfter": {
            "Initialize_variable-copy": [
              "Succeeded"
            ]
          },
          "metadata": {
            "operationMetadataId": "beb7202d-d88b-4ff8-860e-2d4cfb70f9c3"
          }
        },
        "Initialize_variable-copy": {
          "type": "InitializeVariable",
          "inputs": {
            "variables": [
              {
                "name": "impuestosventa",
                "type": "boolean",
                "value": false
              }
            ]
          },
          "runAfter": {
            "Initialize_variable": [
              "Succeeded"
            ]
          },
          "metadata": {
            "operationMetadataId": "b5caea77-aa35-4d4e-a46b-002782938924"
          }
        },
        "Initialize_variable_2": {
          "type": "InitializeVariable",
          "inputs": {
            "variables": [
              {
                "name": "cantidadventa",
                "type": "string",
                "value": "0"
              }
            ]
          },
          "runAfter": {
            "Initialize_variable_1": [
              "Succeeded"
            ]
          },
          "metadata": {
            "operationMetadataId": "48c86f0b-b240-4622-b62d-528b26070a3b"
          }
        },
        "Obtener_contenido_de_archivo_1": {
          "type": "OpenApiConnection",
          "inputs": {
            "parameters": {
              "dataset": "https://dgourmetspain.sharepoint.com/sites/D'GourmetSpain",
              "id": "%252fDocumentos%2bcompartidos%252fPOWER%2bAUTOMATE%252fPOWER%2bAUTOMATE%252fPLANTILLAS%2b(NO%2bTOCAR)%252fPLANTILLA%2bFACTURA%2bVENTA%2bGENERAL1.xlsx"
            },
            "host": {
              "apiId": "/providers/Microsoft.PowerApps/apis/shared_sharepointonline",
              "operationId": "GetFileContent",
              "connectionName": "shared_sharepointonline-1"
            }
          },
          "runAfter": {
            "Initialize_variable_2": [
              "Succeeded"
            ]
          },
          "metadata": {
            "%252fDocumentos%2bcompartidos%252fPOWER%2bAUTOMATE%252fPOWER%2bAUTOMATE%252fPLANTILLAS%2b(NO%2bTOCAR)%252fPLANTILLA%2bFACTURA%2bVENTA%2bGENERAL.xlsx": "/Documentos compartidos/POWER AUTOMATE/POWER AUTOMATE/PLANTILLAS (NO TOCAR)/PLANTILLA FACTURA VENTA GENERAL.xlsx",
            "%252fDocumentos%2bcompartidos%252fPOWER%2bAUTOMATE%252fPOWER%2bAUTOMATE%252fPLANTILLAS%2b(NO%2bTOCAR)%252fPLANTILLA%2bFACTURA%2bVENTA%2bGENERAL1.xlsx": "/Documentos compartidos/POWER AUTOMATE/POWER AUTOMATE/PLANTILLAS (NO TOCAR)/PLANTILLA FACTURA VENTA GENERAL1.xlsx",
            "operationMetadataId": "52c88c82-d433-4cd7-86d8-f10d2716daaa"
          }
        },
        "Obtener_tablas": {
          "type": "OpenApiConnection",
          "inputs": {
            "parameters": {
              "source": "sites/dgourmetspain.sharepoint.com,ca1b2ddd-c9c0-4be8-9e60-4658a6f55062,d360b0a1-bb89-4370-8568-399bcadbc056",
              "drive": "b!3S0bysDJ6EueYEZYpvVQYqGwYNOJu3BDhWg5m8rbwFZdx69-46jNQriBFCTzmMGk",
              "file": "01JERIXQMFFAFUKYQTSZALKDQC7NZQ2NW3"
            },
            "host": {
              "apiId": "/providers/Microsoft.PowerApps/apis/shared_excelonlinebusiness",
              "operationId": "GetTables",
              "connectionName": "shared_excelonlinebusiness"
            }
          },
          "runAfter": {
            "Obtener_contenido_de_archivo_1": [
              "Succeeded"
            ]
          },
          "metadata": {
            "01JERIXQMFFAFUKYQTSZALKDQC7NZQ2NW3": "/FACTURACION/BASE DE DATOS CLIENTES, PROVEEDORES/PRODUCTOS.xlsx",
            "tableId": null,
            "operationMetadataId": "0efad446-c8af-4b39-b960-5b86d81fc703"
          }
        },
        "Inicializar_variable_1": {
          "type": "InitializeVariable",
          "inputs": {
            "variables": [
              {
                "name": "listafv",
                "type": "array"
              }
            ]
          },
          "runAfter": {
            "Obtener_tablas": [
              "Succeeded"
            ]
          },
          "metadata": {
            "operationMetadataId": "dfa18ab3-9bde-4c41-95c2-050eb4b0476a"
          }
        },
        "Inicializar_variable_2": {
          "type": "InitializeVariable",
          "inputs": {
            "variables": [
              {
                "name": "contadorfv",
                "type": "integer",
                "value": 0
              }
            ]
          },
          "runAfter": {
            "Inicializar_variable_1": [
              "Succeeded"
            ]
          },
          "metadata": {
            "operationMetadataId": "6215af6a-b2ce-44b1-8b38-e236c928d764"
          }
        },
        "Inicializar_variable_3": {
          "type": "InitializeVariable",
          "inputs": {
            "variables": [
              {
                "name": "listafc",
                "type": "array"
              }
            ]
          },
          "runAfter": {
            "Inicializar_variable_2": [
              "Succeeded"
            ]
          },
          "metadata": {
            "operationMetadataId": "6780c951-a68c-41c5-be81-8592c2e7fb2c"
          }
        },
        "Inicializar_variable_4": {
          "type": "InitializeVariable",
          "inputs": {
            "variables": [
              {
                "name": "contadorfc",
                "type": "integer",
                "value": 0
              }
            ]
          },
          "runAfter": {
            "Inicializar_variable_3": [
              "Succeeded"
            ]
          },
          "metadata": {
            "operationMetadataId": "c3e2c17c-ad8e-438e-9049-8ff7e6dbe308"
          }
        }
      },
      "description": "alternativa a flujo general. NO USAR NO USAR NO USAR NO USAR"
    },
    "templateName": null
  },
  "schemaVersion": "1.0.0.0"
}